<Event ID="Event Crazy Medals" Active="1 Oct 2015-1 Oct 2800"> 
   <Droplist> 
      <AllDrop Items="6392" Count="1,3" Chance="95%" />
   </Droplist> 
   <Droplist> 
      <AllDrop Items="6393" Count="1,3" Chance="95%" />
   </Droplist> 
   <Message Type="OnJoin" Msg="Event Crazy Medals Iniciado: Todos os Mobs estao Dropando Medals, Aproveite!" /> 
   <EventEnd> 
      <Take From="AllPlayers"> 
           <Item ItemID="6392-6393-5965"></Item>
        </Take> 
     </EventEnd> 
</Event>
